feature,p_value
s27,0.013523701037684839
s54,0.009347846859169917
s106,0.022160644761135648
s110,0.02330516088962034
s119,1.3912023974593733e-10
